{
    "全局伤害控制": {
        "人物物攻系数": 0.1000000014901161,
        "番天印连击次数": 2,
        "混元金斗加成系数": 2.5,
        "金系拉刀加成系数": 5.5,
        "木系拉心加成系数": 1.0,
        "水系拉防加成基数": 111,
        "火系拉速加成基数": 10,
        "木系障碍减血系数": 3.0,
        "法术必杀伤害系数": 1.0,
        "物理必杀伤害系数": 1.0,
        "人物法攻系数": 0.1000000014901161
    }
}