{
    "全局伤害控制": {
        "人物物攻系数": 0.4760749936103821,
        "番天印连击次数": 2,
        "混元金斗加成系数": 1.5,
        "金系拉刀加成系数": 5.5,
        "水系拉防加成基数": 111,
        "木系拉心加成系数": 0.699999988079071,
        "木系障碍减血系数": 0.4760749936103821,
        "火系拉速加成基数": 10,
        "法术必杀伤害系数": 0.5,
        "物理必杀伤害系数": 0.5,
        "人物法攻系数": 0.1666000038385391
    }
}